NIC 2008,Description,Weights,2012-04-11 00:00:00,2012-05-11 00:00:00,2012-06-11 00:00:00,2012-07-11 00:00:00,2012-08-11 00:00:00,2012-09-11 00:00:00,2012-10-11 00:00:00,2012-11-11 00:00:00,2012-12-11 00:00:00,2013-01-11 00:00:00,2013-02-11 00:00:00,2013-03-11 00:00:00,2013-04-11 00:00:00,2013-05-11 00:00:00,2013-06-11 00:00:00,2013-07-11 00:00:00,2013-08-11 00:00:00,2013-09-11 00:00:00,2013-10-11 00:00:00,2013-11-11 00:00:00,2013-12-11 00:00:00,2014-01-11 00:00:00,2014-02-11 00:00:00,2014-03-11 00:00:00,2014-04-11 00:00:00,2014-05-11 00:00:00,2014-06-11 00:00:00,2014-07-11 00:00:00,2014-08-11 00:00:00,2014-09-11 00:00:00,2014-10-11 00:00:00,2014-11-11 00:00:00,2014-12-11 00:00:00,2015-01-11 00:00:00,2015-02-11 00:00:00,2015-03-11 00:00:00,2015-04-11 00:00:00,2015-05-11 00:00:00,2015-06-11 00:00:00,2015-07-11 00:00:00,2015-08-11 00:00:00,2015-09-11 00:00:00,2015-10-11 00:00:00,2015-11-11 00:00:00,2015-12-11 00:00:00,2016-01-11 00:00:00,2016-02-11 00:00:00,2016-03-11 00:00:00,2016-04-11 00:00:00,2016-05-11 00:00:00,2016-06-11 00:00:00,2016-07-11 00:00:00,2016-08-11 00:00:00,2016-09-11 00:00:00,2016-10-11 00:00:00,2016-11-11 00:00:00,2016-12-11 00:00:00,2017-01-01 00:00:00,2017-02-01 00:00:00,2017-03-01 00:00:00,2017-04-01 00:00:00,2017-05-01 00:00:00,2017-06-01 00:00:00,2017-07-01 00:00:00,2017-08-01 00:00:00,2017-09-01 00:00:00,2017-10-01 00:00:00,2017-11-01 00:00:00,2017-12-01 00:00:00,2018-01-01 00:00:00,2018-02-01 00:00:00,2018-03-01 00:00:00,2018-04-01 00:00:00,2018-05-01 00:00:00,2018-06-01 00:00:00,2018-07-01 00:00:00,2018-08-01 00:00:00,2018-09-01 00:00:00,2018-10-01 00:00:00,2018-11-01 00:00:00,2018-12-01 00:00:00,2019-01-01 00:00:00,2019-02-01 00:00:00,2019-03-01 00:00:00,2019-04-01 00:00:00,2019-05-01 00:00:00,2019-06-01 00:00:00,2019-07-01 00:00:00,2019-08-01 00:00:00,2019-09-01 00:00:00,2019-10-01 00:00:00,2019-11-01 00:00:00,2019-12-01 00:00:00,2020-01-01 00:00:00,2020-02-01 00:00:00,2020-03-01 00:00:00,2020-04-01 00:00:00,2020-05-01 00:00:00,2020-06-01 00:00:00,2020-07-01 00:00:00,2020-08-01 00:00:00,2020-09-01 00:00:00,2020-10-01 00:00:00,2020-11-01 00:00:00,2020-12-01 00:00:00,2021-01-01 00:00:00,2021-02-01 00:00:00,2021-03-01 00:00:00,2021-04-01 00:00:00,2021-05-01 00:00:00,2021-06-01 00:00:00,2021-07-01 00:00:00,2021-08-01 00:00:00,2021-09-01 00:00:00,2021-10-01 00:00:00,2021-11-01 00:00:00,2021-12-01 00:00:00,2022-01-01 00:00:00,2022-02-01 00:00:00,2022-03-01 00:00:00,2022-04-01 00:00:00,2022-05-01 00:00:00,2022-06-01 00:00:00,2022-07-01 00:00:00,2022-08-01 00:00:00,2022-09-01 00:00:00,2022-10-01 00:00:00,2022-11-01 00:00:00,2022-12-01 00:00:00,2023-01-01 00:00:00,2023-02-01 00:00:00,2023-03-01 00:00:00,2023-04-01 00:00:00,2023-05-01 00:00:00,2023-06-01 00:00:00,2023-07-01 00:00:00,2023-08-01 00:00:00,2023-09-01 00:00:00,2023-10-01 00:00:00,2023-11-01 00:00:00,2023-12-01 00:00:00,2024-01-01 00:00:00,2024-02-01 00:00:00,2024-03-01 00:00:00,2024-04-01 00:00:00,2024-05-01 00:00:00,2024-06-01 00:00:00,2024-07-01 00:00:00,2024-08-01 00:00:00,2024-09-01 00:00:00,2024-10-01 00:00:00,2024-11-01 00:00:00,2024-12-01 00:00:00,2025-01-01 00:00:00,2025-02-01 00:00:00,2025-03-01 00:00:00,2025-04-01 00:00:00,2025-05-01 00:00:00,2025-06-01 00:00:00
10,Manufacture of food products,5.302468,97.3,91.7,86.1,88.1,85.9,84.1,98.2,109.2,132.8,126.6,118.3,121.3,102.1,90.2,90.1,94.8,88.9,90.8,100.4,97.9,123.3,129.2,120.1,127.2,102.9,97,96.1,113.1,102.6,97,96.7,110.4,136.1,130.4,125.4,122.5,109,93.4,88.4,88.4,92.8,95.6,97.8,102.9,128.3,126.5,120.3,112.7,95.1,90.6,91.6,92.6,89.1,92.1,96.2,103.2,118.2,114.7,101.3,101.5,91.5,90.9,89.3,93.9,95.6,95,98.7,122.4,134.7,131.4,125.9,128.3,109,101.9,94.3,96.2,104.8,110.5,117.8,130.3,154.4,153.3,144,138.8,121.3,118.4,109.3,117.5,110.6,111.9,112,124.5,151.7,151.8,137.1,118.1,94.3,98,102.7,111,107.1,110.9,113.9,133.9,149.1,149,136.7,138.3,127.8,111.4,111.3,116.2,117.3,110.3,118.8,130.1,151.8,145.1,139.9,150.5,132.7,122.7,117,113.2,118.1,115.6,115.3,147,155.5,158,146.8,147.2,137.8,123.2,113.6,121.6,123.9,114.6,123.5,141.5,160.8,158.9,151.9,142.4,119.8,116.4,118.3,119.9,122.3,120.5,130.5,136.5,154.2,159.2,142.7,131.6,121.1,118.4,118.3
11,Manufacture of beverages,1.035425,134.2,147.1,130.5,93.1,85.1,82.3,96,90.2,91.9,93.7,98.5,137.9,138.2,156.5,116.2,87.4,82.7,90.1,94.6,83.6,88.5,98,97.9,123.4,132.7,151,122.5,102.7,94.6,98,94.4,87.9,89.8,92,105.5,127.3,122.6,137.2,111.1,90.5,86.5,92.4,100,95.2,104.7,129.5,113.2,133.9,133.8,140.8,111,96.1,97.7,98.3,98.1,91.1,95.2,95.9,97.9,119.3,112.2,120.8,105.4,92.1,95.8,99.4,101.2,96.5,101,107.8,109.9,123.1,116.4,132.9,117.4,103.6,103.1,103,98.8,97.7,101.9,107.4,107.6,121,123.4,135.6,124.8,105.9,96.9,99,92.4,101.9,97.6,103.2,108.7,87.5,7.2,54.9,83.9,78.9,76.8,84.6,82.7,86.3,90.1,95.4,94.7,110.7,91.5,54.8,82,90.2,86.3,85.3,86.8,85.2,92,91.5,94.4,116.1,118.2,126.2,119.5,102,91.8,95.3,89.9,92.9,98.1,104.3,104.4,123.5,109.2,124.1,125,109.4,103.4,101.6,99.6,100.7,101.3,112.6,120,124.2,123.8,136.4,125.2,112.9,100.3,101.8,102.7,99.4,104.2,117.1,116.9,133.4,121.9,131.4,117
12,Manufacture of tobacco products,0.79845,105,105.6,96.3,96.5,86.2,97.9,102.3,115.3,117.9,122.2,124.1,120.5,103.8,93.1,119.3,108.5,107.2,114.1,112,122.5,130.7,118.6,129.1,138.2,132.9,146.9,131.5,131.9,128.9,132,116.3,128,145.6,124.9,132.8,121.2,129.8,167.4,138.9,145.2,145,123.8,122.9,107.6,119.1,132,159,144.9,62.5,107.9,125,121.6,117.6,123.4,126.4,104.7,118.4,164.6,98.9,119.6,73.6,111.3,131.6,68.4,101.8,98.6,100.2,95.1,83.5,85.7,96.9,95,75.8,96,89.1,87.6,84.1,92,100.4,104.1,106.6,88.9,96.1,109.5,73.5,105,100.1,95.8,87.1,102.8,93.6,100.4,100.2,108.4,85.9,91.5,0.3,40.7,91.6,102,84.2,88.3,86.5,92.9,98.1,103.7,79.2,114,70,72.4,74,79.4,86.9,95.6,95,96.5,101.8,108.2,79.9,107.3,85.4,87.9,113,72.2,75.8,94.6,81.7,93.3,90.6,92.4,77.9,95.5,67.1,83.7,93.8,71.8,81.4,89.8,82.7,79.8,82.7,84.6,77.3,78.3,61.1,88.1,83.2,81.3,78.5,91.2,92.3,80.3,88.2,96.9,76.3,96.9,75.7,93.1,85.1
13,Manufacture of textiles,3.291307,98,106.5,103.4,108.7,113.1,110.8,113.6,104.3,111,111.4,103.9,111.2,107.9,107.3,109,113.3,117.3,115,116.2,110.2,117.1,114.9,107.1,115.6,111,112.4,111.9,120.9,126.3,117,112.7,114.4,117.8,117.7,113.3,126.8,116.6,118.4,116.9,120.5,122.9,123.7,123,111,120.8,121.1,116.7,120.9,114.3,120.6,120,119.4,119.5,119.3,116.3,114,114,118.1,112.5,120.5,116,116.7,116.4,116.4,116,115.2,113.5,117.7,122.4,120.4,115,119,116.2,118.9,117.1,120.1,124.4,121.6,120.2,113.6,120.4,118.2,113.8,120.3,119.8,115.6,110.1,113.8,115,115.2,115.9,119.7,123.5,122.2,116.7,100.3,11,40.2,63.1,93.9,96.6,105.4,110.7,108.9,114.9,115.3,113.5,119.6,114.6,105.3,111.3,117.8,120.2,121.4,125.6,117.9,124.9,122.6,113,118.5,114.1,111.5,107.8,107.2,105.2,103.9,102.3,107.7,110.7,107.9,102,110.2,105.6,107.4,107.8,108.5,107.1,108.4,110.2,102.7,112.3,109.7,104.1,106.9,105.3,107,106.2,109.1,109.4,109.3,111.1,106.2,114.2,113.7,106.7,113,105.7,103.8,107.5
14,Manufacture of wearing apparel,1.322496,94.5,93.1,89.5,87.4,90.1,89.8,95.8,87.4,100.8,112.9,117.8,128.4,121.8,104.2,101.9,105.3,104,118.7,106.6,95,122,131.9,118.9,147.2,114.7,118,103,110.4,103.5,110.3,92.7,102.2,123.7,130.9,125.8,137.8,116.1,110.9,116.7,115.8,104.4,105.5,133.3,120.9,160.3,145.6,149.1,193.2,150.7,166.8,153.3,144.5,147.5,142.3,140.4,127,159.6,161.8,156,170.1,155.5,156.8,145.2,134.2,121.4,118.8,106.3,118.1,140.9,141.1,142.9,169.3,125.4,150.8,151.6,145.4,146,142.2,141.1,135.7,175.6,171.8,171.5,193.6,165.1,163.5,167.3,166.8,158.6,144.2,137.1,139.1,170.8,162.3,164.6,115.6,9.7,62.6,105.9,112.5,113.8,121.4,119.9,101.7,140,129.4,140,143.8,83.4,83.8,110,116.8,144.1,158.7,163.6,133.8,161.8,154.7,155,191.7,129.4,142.4,156.9,134.4,117.8,125.2,103.7,117,125.6,120.1,129.1,133.1,92.1,112.2,120.1,103.9,97.8,102.4,97.8,92.9,113.1,117.3,125.6,143,105.1,123.6,122.6,111.7,112.5,103.7,104,110.3,119.1,121.1,121.4,144.8,114.2,126.5,127.7
15,Manufacture of leather and related products,0.502077,104.5,116.4,109.9,108.5,99.6,105.1,107.6,103.9,118.6,120.4,113.5,118.7,122.9,118.1,115.2,117.1,103.9,101.8,105.5,98.6,118.1,122.6,112.3,120.1,126.8,132.1,123.9,124.6,109.2,117.9,101.7,117.5,128.7,128.5,132.3,133.3,127.6,126.6,126.2,124,113.7,113.6,112.4,106.3,128.4,132.7,139.8,131.4,128.9,130.6,129.6,126.9,123.4,123.8,110,110.5,107.8,115.8,125.4,134.3,131.4,136.7,128.6,124,117.1,115.6,107,118.5,126.8,125.6,125.5,130.3,126.3,132.9,130.8,134.2,123.6,118.5,119.2,107.9,122.2,126.8,124,133.4,130.5,132.7,123.2,133.3,117.6,117.8,110.6,115,129.1,130.6,131.6,100.8,1.7,52.4,99.7,110.7,106,123.3,116.4,105,121.9,124.9,121.7,123.4,101.3,67.1,94.1,114.7,106.5,110.4,103.2,94.9,111.6,101.6,103.2,113.8,106.4,99,95.9,99.2,89.5,92.3,76.9,94.3,98.4,99.4,94.9,106.2,97.7,101.1,103.4,95.1,92.4,91.8,91.1,78.8,95.9,99.9,96.8,95.9,89.3,102.6,99.2,102,94.3,89.5,87,76.3,89.2,93.8,88.1,88.8,88.4,97.9,96.1
16,"Manufacture of wood and products of wood and cork, except furniture; manufacture of articles of straw and plaiting materials",0.193005,89.8,96.1,100.8,106.6,109.2,104,88.2,88.6,98.5,89.4,90.9,102,91.4,90.8,89.6,95.1,94.3,101.4,96,91,99.5,92.9,91.9,100.9,91.8,93.2,91.3,100.5,94.2,106.1,84.8,90.7,102.7,90.5,96.2,101.4,85.6,88.3,101.8,100.1,97.2,102.1,97,87.9,107.9,92.6,102.6,106.9,90.2,91.6,100,91.5,93.3,97.7,82.9,83.9,97.8,87.8,92.1,108.4,86.1,93.2,94.6,93.5,94.8,91.1,77.6,89.2,99.9,89.3,94.1,105.2,89.8,96.3,112.4,103.7,109.9,108.9,108.6,94,110.8,95.4,109,121.9,104.5,109.9,131,110.9,123.8,130.8,110.7,104.9,132.1,104.2,117.9,85.1,4.7,39.6,74,83,85.5,116.8,111.8,108.7,126.6,112,110.4,124.3,102,73.4,97.9,103.1,110.2,109.9,110.5,104.3,115.2,106,112.5,118.2,106.2,113.1,112,111.2,101.5,103.6,94.9,103.9,111.4,93.2,95.1,108.1,89.4,98.7,98,98.4,98.5,108.1,93.7,87.6,97.7,96.4,101.7,111.4,84.3,100.3,103.8,99.1,108.1,106.7,103.2,98.2,115,104.4,106.8,117.2,105,102.4,104.5
17,Manufacture of paper and paper products,0.872377,99.2,103.4,99,104.7,106.8,103.2,109.5,94.7,99.6,107.3,97.3,114.7,103.1,109.1,109.3,113.9,117,111.6,114.8,115.5,123.1,120.8,111.1,120.7,117.2,115.8,115.8,118.5,117.9,114.8,113.1,109.7,114.4,116.1,109.9,118.5,115.2,116.3,111.4,115.1,112.8,116.8,123.4,113.7,122,113.2,113.8,123.9,112.6,122,117.5,121.1,119,115.5,112.3,105.4,111.4,111.3,105,115,110.5,114.3,106.9,112.2,113.9,105.9,108.4,104.2,108.5,108.2,101.2,112.7,107.5,108.6,110.6,109.1,108.2,103.5,108.3,99,102.1,100.7,91.9,99.6,93.8,96.1,89.7,94.9,93.8,93.9,91.5,92,94.1,91.8,89,69.2,21.7,50.3,82.9,67,79,64.2,71.7,71.6,78.1,80.2,79.3,89.7,88.1,78.7,76.3,85.1,82.8,76.9,86.5,79.7,81.4,82.1,78.8,86.1,86.4,86.3,82.6,84.9,82.7,81.6,79.5,77.7,84.5,84.3,75.1,83.1,79.8,77.9,81.3,82.1,82.3,78.5,78.5,73.3,78.1,79.1,79.2,83,75.6,81,79.8,81.7,83,81.2,78.3,75,76.9,76.7,72.2,78.2,73.7,77.4,78.1
18,Printing and reproduction of recorded media,0.679807,87.5,99.4,101.9,94.6,90.1,96.8,92.2,92,108.2,97,95.1,106.8,90.3,93.7,102.7,101.1,97.5,101.8,116,95.5,109.8,127.5,121.9,111.2,89.3,97.8,100.1,98.1,93.7,105.6,94.9,102.9,118,94.3,94.2,111.4,95.5,97.4,109.4,103.5,105.4,111.5,103.9,93.9,109.9,101.9,103.6,110.2,102.6,102,107.4,103.4,108.2,103.7,101.9,106,118.9,108.1,100.6,108.7,98.6,99,95.1,102.4,113.3,103.4,92.9,95.8,102.4,90.8,91.2,111.2,88.2,96.5,97.2,101,94.4,92.5,97.3,91.5,110.4,102.5,92.6,107.3,100.4,101.2,93.6,92.1,84.4,84.7,80.1,85.3,103.6,93.8,94.6,74.2,23.1,52.6,70.2,68.5,65.4,68.3,69,70.5,83,70,67.6,75.8,64.7,61.9,68.7,68.4,69.1,70,73.4,72.1,87.4,80.7,76.6,88.3,84.2,88.5,99.7,96.6,88.2,90.9,84.2,90,100,88.5,84.3,91.7,88.6,88.7,88.7,89,91,87.5,87,84.1,95.5,91.3,88.8,91.6,82.1,91.9,85.3,84.4,83.3,84.7,78,82.6,89.9,83.3,78.9,82.2,75.3,77.1,74.3
19,Manufacture of coke and refined petroleum products,11.774919,96,103.4,103.7,105.7,105.7,98.1,112.5,108,112.1,112.2,101.1,111.7,103.6,109.4,104.7,109.6,112.7,106.6,106.4,102.1,111.4,110.3,104.1,115,103.3,108.1,106.2,103.6,106.5,107.6,111.7,112,116.1,113.2,103.4,111.8,96.8,115.2,113.2,110.4,116.6,106.1,107.8,116.7,118.3,121.8,114.5,126.7,114.7,117.3,118.9,123.3,117.7,111.8,124,117.2,124.3,119.6,111.2,129.5,116.3,123.6,117.5,118.2,121.2,121.4,129.1,123,131.5,133.3,118.8,128.6,117.7,129.7,131.3,131,123.9,121.7,131.2,126.7,124.4,130.2,118.3,134.6,122.3,127,121.2,131.9,128,115.2,132.1,129,125.9,129.9,125.5,132.3,87.7,95.9,104.5,109.4,100.6,103.2,109.3,124.8,125,129.3,113.7,130.9,118.5,113.8,110.1,117.9,112.1,108.5,123.9,129,129.6,130.4,120.3,139.2,131.1,134.4,129.3,126.4,119.5,119.2,122.7,116.6,132.3,137.6,126,141.1,129.1,138,133.5,131.9,131.7,122.4,125.7,132.9,141.9,134.7,131.2,142.4,135.4,140.7,132.2,140.9,130.8,128.8,132.8,135.6,147.4,146.3,131.8,146,132.5,142.2,137.8
20,Manufacture of chemicals and chemical products,7.873036,100.4,102.9,102.6,104.9,106.5,102.6,106.2,98.7,105.5,106.2,101,109.7,99.1,107.7,107.9,114.3,112.4,115.2,109.8,105,112.6,109.7,100.1,111.7,101.3,110.9,110.9,114.8,111.4,110.4,104.6,109.2,111.7,110.8,102,112,107.6,112.1,112.6,120.6,112.2,116.7,115.6,106.1,115.2,114.4,110.8,120.4,109.6,119.8,117.4,119.1,119.5,116.9,117.1,111.1,112.8,116.2,114.2,124.7,108.6,113.6,110.2,111.7,117.1,118.5,116.9,119.1,119,120.1,110.9,126.9,112.9,119.9,116.5,116.4,126,120.3,118,110.9,122.4,123.7,111.6,128.9,116.1,118.9,116,124.6,120.3,118.8,116.2,120.2,123,124.9,121.7,101.1,53,95.9,117.3,122.2,118.9,125.5,128,120.4,131.8,131.6,119,127.9,118.1,109.1,116.3,128,124.8,124.3,125.9,118.1,125.9,124.9,115.3,121.1,123.3,135.6,133.5,137.2,131.9,131.2,122.1,124.6,129.5,130.2,122.8,130.1,126.6,133.8,130.5,128.6,126.8,123.6,126.5,119.5,127.5,127.6,125.4,132.3,127,133.2,131.7,135.2,129.5,129.4,129.4,123.2,131,130.7,121.9,129.8,121.8,127.9,126.9
21,"Manufacture of pharmaceuticals, medicinal chemical and botanical products",4.981002,85.2,96.4,120.2,119.4,123.7,112.2,102.8,100.5,112.2,103.3,103.1,118,102.3,118.7,110.3,119.2,125.9,119.4,109.4,105.8,122.4,114.8,107.6,116.3,103.3,108.1,113.7,112.3,111.2,115.2,95.8,108.6,123.6,127.1,132.5,150.9,117.9,127.8,123.2,117.1,125.5,125,136.9,147.1,153.2,136.8,133.7,141.4,139.4,176.9,160.6,167.2,168.7,168.9,162.9,160.6,172.6,189.8,207.7,192.8,182.2,225.2,191,200.2,197,213.1,199.7,226.1,229.6,231.6,217.9,231.5,194.9,207.8,189.6,212.2,212.9,226.5,212.3,220.9,233.1,226.5,222.1,227.6,202.8,223.6,201,219,226.6,221.8,211.9,228.3,224.8,225.3,228.1,168.6,93.6,234.3,237.1,243.1,221.9,236,239.6,226,239.9,205.4,216.8,230.7,202.3,217.1,226.9,228.6,233.8,238.5,236.7,227.2,237.5,223.3,186.3,201,191.1,188,216.5,217.9,192.7,205,188.1,250.5,276.3,243.9,229.3,194.7,237,227.9,225.3,244.5,225.9,220.1,212.8,244.3,286.3,245.6,205.6,228,244.4,245,218.8,224.7,212.6,222.9,216.9,251.4,259.1,246.1,211.8,218.3,231.5,243.5,223.5
22,Manufacture of rubber and plastics products,2.422155,94.7,99.7,101.3,103.3,99.3,98.8,99.1,94,107.5,106.1,98.5,109.2,109.3,111.8,112.2,113,111.2,112.1,108.7,104.9,116.9,114.2,109.9,124.4,138.1,115.9,113.8,110.9,112.5,114,109.7,118.9,121.1,120.1,114,123.9,114.4,116.6,114.7,124.7,121.1,120.3,116.2,109.7,119.9,120,118,123.9,117.2,121.9,120.5,120.2,117.8,124.9,126.5,119.4,122.9,115.1,113.7,126.2,117.8,120.4,105.8,107.3,111.4,107.5,105.5,110.1,113.8,112.2,103.9,111.3,105.5,110.3,108.5,107,110.6,113.3,113.1,101.8,108.7,106.7,101.8,109.1,100.9,107.7,103.6,106.3,101.6,98.8,95,98.4,103.6,102.4,103.3,77.9,29.4,69.5,91.6,100.6,98.8,107.8,111.5,104.7,112.8,108.5,105.7,114.8,106.5,96.7,99.4,108.6,108.6,108.4,103.8,97.6,102.7,105.2,100.9,109,104.9,105.1,105.1,106.2,103.8,105,101.3,103.3,105.4,105.3,98.8,110.2,106.3,112.7,106.5,107.7,108.5,106.5,109,105.1,106.9,112.8,110.3,116.3,108.9,112.4,114.5,116.9,115.5,117.6,116.6,103.6,107,118.7,114.6,118.9,117,121.8,113.9
23,Manufacture of other non-metallic mineral products,4.085334,101.7,104.4,98.7,99.7,94.6,97.7,103.8,93.8,107,112.5,102.7,118.4,105.6,105.4,99.5,97,90.9,98.5,100.4,93.7,106.1,113.2,106,121.3,114.9,115.2,109.9,110,100.9,105.8,102.5,99,111.4,112.1,103.9,113,108.8,111.6,109.9,106.5,103,102.7,108.8,99.8,113,119.3,117.9,123.5,113.3,115.9,119.9,109.8,107.1,108.1,111.8,101,103.8,105.5,103.1,118.9,110.6,114,113.3,109.2,105.3,103.2,109.2,110.5,119.1,124.3,118.8,129.8,126,125.6,127.5,115.3,115.4,114.9,124.7,115.5,126.2,130,121.9,140.5,126.2,125.5,122.7,123.3,110,112.2,113.2,117.1,128.8,135.4,133.5,107.2,16.9,91.2,110.4,105.4,96.2,103.8,117.1,112.7,122.6,127.2,124.4,140.3,128.1,110.1,119.2,126.9,122.2,115.7,129.2,109.1,133,141.5,134,154.3,137,134.4,142.6,126.9,123.9,126.8,124.5,131.7,142.8,143.2,136.8,152.8,146.7,148.4,149.5,134,142.5,132.8,140.5,127,147.1,147.5,147.7,165.4,148.7,149.1,154.1,136.3,139.8,137.6,144.3,136.7,157.7,162.3,159.8,180.2,156.7,159.4,160
24,Manufacture of basic metals,12.804336,104.1,119.3,106.4,109.5,101.3,105.3,102.9,104.5,109.9,109.9,105.5,115.5,113,114.2,104.1,112.5,113.8,109.8,107.4,108.8,111.5,120.4,115.2,119.7,117.9,127.6,125.7,126.5,123.7,119.5,123.8,123.8,124.1,128.3,116.8,124.1,124.1,126.7,124.3,126.3,124,118.6,119,115.1,121.7,126.8,126.1,138.7,122.4,134.6,131,126.6,133.7,129.8,130.7,120.7,133.2,137.3,129.1,137.7,131.1,135.4,135.1,131.7,136.2,133.1,138.6,136.6,140.3,143.7,143,151.3,134,138.3,139,136.9,140.4,138.7,143.2,139.5,146.4,146,140.1,177.2,137.5,167,164.1,164.7,156.9,150.4,156.3,160.5,170.9,168.7,169.5,143,40.3,103.2,131.5,153.1,162.9,160.5,170.6,165.4,181.7,179.8,163.6,184.7,168.5,159.8,163.5,171.1,178.8,174.7,182.6,175.7,185.4,191.6,180,199.2,180.1,186.2,175.2,182.6,185.9,185.7,192.2,192.7,201.9,210.8,195.4,214,201.9,206.3,203.4,209.4,217.4,213.6,217.2,207.3,220.2,226.9,213.2,232.1,220.7,225.9,219.2,223.7,225.6,219.7,228.2,222,236.8,242.2,224.3,252.2,235.6,243.5,240.2
25,"Manufacture of fabricated metal products, except machinery and equipment",2.654932,92.2,102.8,101.9,86.8,86.5,95.2,99.3,84.2,96.1,99.5,93.9,125.3,84.4,93.8,94.7,99.4,101.1,92.5,103.8,92.1,107.3,107,109.7,132.5,101.8,110.1,109.3,115.8,95.7,111,92.6,99.1,112.1,98.5,101.3,123.7,88,87.4,96.8,97.4,96.8,107.2,108.9,102.3,110.3,111.4,113.9,120.2,102.4,110.3,114,101.7,100.6,104.8,95.2,98.6,111.3,105.5,101.8,119.7,94,95.2,97.2,96.5,110.4,110.3,102.5,107.9,114.2,114.4,119.2,132.9,102.7,107.5,109.5,105.1,108.4,112.2,105.9,92.9,110.6,102.4,104.3,112.4,92.4,98.5,96.8,94.6,87.7,86.6,84.5,87.6,95.8,94.6,94.6,73.1,3.7,44.2,67.3,82,83.9,92.1,95.7,81.8,99,93.7,92.4,102,78.2,64.4,79.7,90.3,94,91,88.9,80.2,95.8,88.5,91,97.9,77.9,83.2,91.1,86.6,80.5,87.9,77.8,86.3,92.3,81.4,83.7,95.4,76.4,87.1,86.7,83.8,100,97.1,92.8,81,98.1,95.1,95.7,115,85,97.8,89.5,93.7,92.8,99.5,100.2,95.2,107.4,104,102.2,110.4,94.1,97.7,103.1
26,"Manufacture of computer, electronic and optical products",1.570384,92,95.4,102.8,107.2,102.5,120.2,124.8,78.5,85.8,99.6,95,102.9,101.2,103.3,105.6,121.4,118.6,127.8,136.9,96.7,107.4,117,112.4,133.7,113,119,114.9,125.3,128,144.7,119.7,102.5,95.6,116.7,116.2,116,116.3,112.8,124.8,126.3,122,145.1,148.5,107.9,116.2,120.7,121.6,120.6,116.1,120.3,126.9,124.8,132.3,149.3,138.8,113.9,106.5,128.3,124.9,138.8,116.5,136.1,124,135.2,178.5,184.2,152,145.9,146.8,157.2,145.5,159.8,151.6,184.8,178.9,172.7,168.3,182.5,197.2,147.4,152.5,158.9,151,178,169.9,202.5,150.6,179.1,164.9,162.8,136,135.7,114.3,158.3,137.7,100.6,12.6,64.5,114.8,144.9,146.3,167.2,151.1,115,138.8,155.6,166.5,206.2,119.2,95.2,125.6,138.4,139.5,163.5,151.8,125.6,188.4,186,139.8,186.5,126.7,122.5,180.6,142.2,144.1,163.8,132.8,127,117.7,130.7,123.8,134.1,111.5,115.1,121.9,118.6,131.4,149.4,123.1,96.7,111.6,120.8,125.8,134.7,114.2,136.5,134.8,130.9,146.6,146.7,124.2,115.9,115.1,126,139.9,165.2,126.3,129.8,133.1
27,Manufacture of electrical equipment,2.998264,93.8,108.1,110.3,109.8,125.8,116.1,120.6,98.8,112,110.6,115.4,134.8,113.6,123.2,104.5,100.6,100.9,131.6,150.3,136.1,110.9,101.2,116.4,119.4,91.3,110.7,129,102.7,110.1,152.2,120.7,139.2,139.1,109.2,121.1,138.8,112.7,123.5,124.6,122.9,114.1,133.5,143.2,132.3,146.3,121.9,127.7,138.2,116.9,125.4,120.6,111.5,115,141,138.7,129.2,129.9,108.8,108.4,126,98.1,107.6,97.6,96.3,106.1,114.1,112.9,116.5,110.1,106,105.5,117.4,102.1,110,111.5,103.9,107.8,111.6,115.6,105.2,124.9,115.1,104.8,108.5,101.6,104.5,98.4,105.2,107.4,113,109.7,114.8,120.3,113,102.8,71.4,5.6,31.6,61.7,82.6,94.4,126.5,132.4,114.4,131.8,109.7,106.3,110.1,84.5,61.6,84.2,118.4,128.7,144.4,126.6,106.3,109.9,93.5,90.3,94.3,91.5,98.3,93.5,99.4,92,100,84.1,107.5,109.1,105.4,101.6,108.7,106.6,106.6,103.5,102.5,108.6,108,94.8,89,116.6,108.1,111.5,124.7,110.4,122.7,136.8,131.8,127.7,128.1,125.9,121.1,163.9,131.4,122.1,144.8,125.9,132.3,145.6
28,Manufacture of machinery and equipment n.e.c.,4.765303,98.7,94.1,104.7,94.6,99.4,107.6,101.8,97.3,108.1,90.5,100.4,137.4,86,94,98,102.2,103.7,108.4,103.2,94.7,112.5,102.2,101.1,133,90.7,98.1,99.8,102.6,98.1,114.9,87.8,98.3,105.3,93.4,108,134.2,90.5,94,98.7,92.8,106.7,123.8,106.9,97.6,110.7,101.7,108.6,139,98.6,108.1,119,110.5,105,113.8,108,112.4,114.4,105.9,112.8,160.5,101.1,118.7,116.2,109,114.8,126.1,106.9,115.4,128.5,121.7,139.1,147.9,106,117.1,125,109.2,128.6,134.4,130.1,113.5,138,118.3,121.4,139.3,105,116.3,116.5,103.8,100.3,109.8,105.5,108.3,108.1,118.5,113.6,86.9,9.1,44.6,80.2,85.6,92.6,108.9,113.2,105.4,118.5,110,111.8,130.5,94.4,76.3,96.3,109.1,108.9,113.5,106.2,91,104.3,101.8,103.1,128,99.5,105.9,115.5,113.6,112,121,98.2,110.5,115.5,113,115.5,141.3,107.7,116.2,123.7,119.9,126.3,127,123.3,109.1,115.5,116.4,121,145.4,108,118.1,125.3,126.2,122.9,131.7,120.2,117.7,127.5,121.7,124.4,158.3,118.3,130.6,130.6
29,"Manufacture of motor vehicles, trailers and semi-trailers",4.8573,110.4,106.4,96.4,96.9,94.5,100.6,102.9,89.4,95.5,101.7,98.6,108.1,102,104.2,98,99.2,96.7,97.9,98.4,93.9,93.1,100,99.3,106,98.4,99,97.3,103.7,103,106.5,95,105,97.1,102.6,105.6,117.8,98.9,100.8,101.4,109.6,101,103.2,100.6,91.8,98.3,98.5,101.9,106.8,99.8,104.1,101.5,102,101.3,101.3,100.9,102,90.9,100.4,103,113.7,99.7,102.8,102.1,109.4,114.9,116.3,113.9,120.4,112.7,123.8,123.6,134.4,122.6,126.5,123.7,125.5,128,128.3,132.1,112.7,109.3,120.7,117.1,125.6,116.5,118.4,105.5,109.5,96,95,92.5,99.2,96.6,108.4,100,64.2,0.7,20.7,53.7,73.5,85,99.5,109.9,99.2,103.2,107.8,105.6,114.9,102.2,59.2,87.8,101.2,93.5,90.7,98.2,93.3,97.7,104.8,107.8,115,108.8,110.9,115.2,119.2,114.7,117.7,108.8,113.9,107.4,118.2,116.8,122.4,112.9,126.1,123.6,129.5,128.6,130.5,135.7,126.7,118.5,140.5,130.4,130.5,126.5,134.4,128.9,133.5,129.2,132.6,133.4,134.4,116,148.3,142,145.3,146.7,142.7,135
30,Manufacture of other transport equipment,1.776264,93.9,100.7,99.5,98.5,91.3,100.1,100.8,93.6,102.2,104.2,100.6,105.1,90.8,96.5,94.2,97.6,96.3,108,116.8,106.7,104.6,112.2,106.5,111.7,101.1,110,102.3,112.6,107.1,124.7,113,112.6,105.6,110.3,102.8,118,104.7,107.8,104.2,115.2,110.3,121.5,125.3,105,105.7,111.6,115.8,122.4,115.3,122.5,117.6,118.2,129.7,143.3,130.8,110.4,83.6,100.4,108.3,129.9,124.8,136.9,127.3,131.2,144.9,149.8,131.7,128.2,105.9,132.5,143,151.1,141.2,148,150.4,153.5,157.9,165.6,164.3,138.6,123.1,141.4,142.5,122.2,134.5,150.1,145.2,147.1,139.1,151.4,132.9,139.5,131.7,128.7,131,107.8,0.2,22.8,72.3,108.4,133.5,162.4,167.2,139.3,121.1,136.4,134.5,145.3,108.7,52.2,103.4,128.2,125.1,134.7,138.7,106.1,108.9,121.6,111.1,127,107.1,118.3,140.8,126.7,134.8,155,127.5,131.6,106,119.3,117.2,139.2,119.5,131.2,140.6,123.5,145.9,166,157.2,144.5,137.2,149.5,145.8,175.7,140.3,153.2,153.4,155,156.4,189,184.5,159.4,142.2,180,157.8,165.2,139.2,163.1,154.2
31,Manufacture of furniture,0.131072,98,107.4,112.5,105.1,110.7,109.1,110.6,102.4,122.2,114.5,117.9,143.8,97.5,114,130.9,133.5,126.8,143.4,138.1,125.8,147.1,104,110.2,133,96.1,104.7,102.7,100.2,111.7,127.8,108.3,113.7,125.4,119.5,135.2,142,141.3,183.1,173.2,186.1,152.3,156.6,152.9,137.9,159.9,160.5,161.4,201.1,178.2,167.1,161.2,156.5,172.9,176,176.2,196.3,182.6,170.1,180.2,197.5,169.5,185.4,186,145.9,160.8,182.1,167.5,209.6,242.2,217.8,216.4,276.5,182.4,204.6,233.2,230.6,226.5,243.6,215.2,186.1,217.4,185.7,201.9,223.8,185.1,194.1,201.8,215.6,218.7,189.1,187.9,197.8,204.6,202.5,201.5,168.9,1.4,60.5,144.8,157,181.1,168.3,167.7,144.7,183.9,163.4,162.4,171.3,128,118.5,158,160.9,165.7,173.2,183.8,180,215.4,190.4,198.4,232.4,203.9,205.8,208.2,213.1,238.8,226.9,189.2,207.6,198.4,173,173.3,210.9,144.7,179.9,183,190.6,189.5,185.1,176.8,144.5,197.4,199,227.7,296.4,220.8,246,217,209.2,226.2,246.6,211.4,201.7,239,212.1,233.8,239.4,223.7,232,239.4
32,Other manufacturing,0.941497,108.5,116.5,139.4,116,121.1,100.2,120,86.1,108.3,111.4,103.2,127,126.4,83,105.3,106.9,104.5,108.6,98.5,76.9,99.3,120.5,113,119.4,114.8,116.4,100.5,114,89.4,101.9,75.6,74.3,121.7,116.5,108.7,135.1,99.1,102.4,119.3,114.1,136.1,124.8,127.9,108.8,115.2,128.9,127,134.6,130.5,104.2,114.4,112.2,112.4,145.7,130.6,102.8,121.7,141.3,129.5,161.5,138.9,131.7,145.4,89.9,108,108.4,83.1,81.7,96.5,93.7,87.6,109.2,93.3,89.5,86.9,90.9,105.3,96.8,102.1,75.5,80.1,88.7,89.7,114.3,92,86.4,81.6,89.6,83.1,89.4,75.3,65.4,79.2,87.9,82.8,62,10.7,28.6,51.7,50,56.2,67.4,83.4,65.5,76.7,85,86.2,93.5,94.9,67.2,75.7,84.7,95.3,106.1,115.2,67.4,103.5,92.3,95.4,126.1,91.9,79.6,95.7,90.5,99.3,111.2,79.4,77.5,93.5,82.1,81.6,108.5,87.8,79.2,85.6,97.1,94.6,96.7,103.7,65.8,70.5,76.6,76.4,90,96.5,72.5,74.6,83.3,86.9,99.5,91.8,57,77.9,76.6,71.5,88.2,77.2,61.4,61.5
Mining,Other manufacturing,14.372472,99.1,102.9,93.3,89.8,85.6,82.5,91.5,89.9,98.9,101.4,92.7,109.2,91.4,93.6,87.6,86.8,84.6,86.6,88.6,93.3,104.2,106.2,97.8,114,93.6,94.4,91,84.6,83.5,82.8,89.1,92.9,98.9,103,94.9,110.8,89.9,95.9,89.3,87.6,88.5,88.8,100,98.2,103,105.3,105.6,116,95.9,101.4,98.4,88.4,84.7,87.7,101,106.2,114.1,114.4,110.5,127.7,98.8,101.7,98.5,92.4,92.6,94.4,100.8,107.7,115.5,114.7,110.1,131.6,102.6,107.6,104.9,95.5,92,94.5,108.2,110.6,114.4,119.1,112.5,132.7,107.8,110.1,106.5,100.2,92,86.4,99.5,112.7,120.9,124.3,123.3,131,78.8,87.6,85.7,87.5,84,87.6,98.5,106.6,117.3,121.3,117.9,139,107.6,108.3,105.5,104.6,103.6,95.1,109.8,111.8,120.4,124.9,123.3,144.4,116.6,120.4,113.7,101.1,99.6,100,112.6,122.7,132.6,136.1,129.2,154.2,122.6,128.1,122.3,111.9,111.9,111.5,127.4,131.3,139.5,144.3,139.7,156.2,130.9,136.5,134.9,116.1,107.1,111.7,128.5,133.8,143.2,150.7,141.9,158.1,130.7,136.4,123.2
Manufacturing,Other manufacturing,77.63321,99,105,103.7,103.3,102.3,101.9,105.6,99.7,108.8,108.2,103.7,116.8,104.2,107.3,103.4,107.5,107.5,108.5,108.6,103.1,111.8,113.2,108.5,119.6,107.2,112.2,111,112.8,109.9,113.7,106.6,111.2,117.3,115.4,111.9,122.9,108.7,113.6,112.7,113.4,113.4,114.4,115.7,111.2,120.7,120.1,118.9,128.5,114,122.4,121.1,119.4,119.6,121,121.3,115.7,121.4,123.1,119.7,132.7,117.3,125.6,120.3,119.3,124.1,125.6,123.7,127.7,132,133.8,129.7,140.2,123.1,130.1,128.6,127.6,130.6,131.6,133.9,126.8,135.8,135.5,129.3,144.6,126.2,135.8,129,133.7,128.4,126,126.3,130.6,135.4,137.9,134.2,111.6,42.1,84.4,107.1,118.5,118.7,126.5,132,128.5,139,136.6,129.7,143.3,124.6,111.5,121.2,131,131.9,131.9,136.4,128.9,139.8,139.2,129.9,145.3,131.6,134.6,136.8,135,131.3,134.6,128.5,137.5,144.9,145.5,137.6,147.5,138.8,143.1,141.6,142.1,144.4,141.5,142.1,139.3,151.6,150.8,144.4,156.2,144.6,150.4,146.6,148.8,146.1,147.2,148.4,147,157.2,159.5,148.4,162.4,149.1,155.2,152.3
Electricity,Other manufacturing,7.994318,103,108.7,105.1,104.6,101.9,100.3,107.5,99.8,105.5,107.6,94.1,109.9,106.6,115.4,105.1,110.1,109.2,113.1,108.9,106.1,113.6,114.6,104.9,115.8,124.3,128.6,130.6,134.1,133.1,125.4,130.1,121.9,125.2,124.4,117.4,124.5,124.9,137.6,131.4,139.6,140.5,138.5,140.9,123.2,129.5,132.1,128.6,139.3,142.9,146,144.3,142.5,143.5,145.6,145.1,134.9,137.8,138.9,130.2,147.9,150.6,158.1,147.4,151.9,155.4,150.5,149.8,140.1,143.9,149.5,136.1,156.7,153.7,164.7,159.9,162,167.2,162.9,166,147.3,150.4,150.9,137.9,160.1,162.9,176.9,173.6,170.5,165.7,158.7,145.8,139.9,150.3,155.6,153.7,146.9,125.6,150.6,156.2,166.3,162.7,166.4,162.2,144.8,158,164.2,153.9,180,174,161.9,169.1,184.7,188.7,167.9,167.3,147.9,162.5,165.6,160.8,191,194.5,199.9,196.9,188.9,191.3,187.4,169.3,166.7,179.4,186.6,174,188,192.3,201.6,205.2,204,220.5,205.9,203.8,176.3,181.6,197.1,187.2,204.2,212,229.3,222.8,220.2,212.3,206.9,207.8,184.1,192.8,201.9,194,219.5,215.7,218.5,217.1
General,Other manufacturing,100,99.3,105,102.3,101.5,99.9,99,103.7,98.3,107.1,107.2,101.4,115.2,102.6,106,101.3,104.7,104.3,105.7,105.7,101.9,110.9,112.3,106.7,118.5,106.6,111,109.7,110.4,108,110.2,106,109.4,115.3,114.3,109.9,121.3,107.3,113,110.8,111.8,112,112.6,115.5,110.3,118.9,118.9,117.8,127.6,113.7,121.3,119.7,116.8,116.5,118.2,120.3,115.9,121.7,123.1,119.2,133.2,117.3,124.8,119.3,118,122.1,123.1,122.5,125.8,130.6,132.3,127.4,140.3,122.6,129.6,127.7,125.7,128,128.8,132.8,126.1,133.9,134.4,127.6,144.1,126.5,135.4,129.3,131.8,126.2,122.9,124,128.8,134.5,137.4,134.2,117.2,54,90.2,107.9,117.9,117.2,124.1,129.6,126.7,137.4,136.6,129.9,145.6,126.1,115.1,122.8,131.5,132.4,129.5,135,128,138.8,139.3,131.4,148.8,134.5,137.8,138.3,134.4,131.5,133.8,129.5,137.7,145.9,147.4,139.3,151.7,140.7,145.6,143.9,142.7,145.8,142.3,144.9,141.1,152.3,153.6,147.1,160,148,154.7,151,149.8,145.8,146.9,150.3,148.1,158,161.6,151.1,166.3,151.8,157.6,153.3
General,Other manufacturing,,,,,,,,,,,,,,,,,,,,,,,,,,,,,,,,,,,,,,,,,,,,,,,,,,,,,,,,,,,,,,,,,,,,,,,,,,,,,,,,,,,,,,,,,,,,,,,,,,,,,,,,,,,,,,,,,,,,,,,,,,,,,,,,,,,,,,,,,,,,,,,,,,,,,,,,,,,,,,,,
Monthly NIC-2 digit and sectoral growth rates of industrial production,Other manufacturing,,,,,,,,,,,,,,,,,,,,,,,,,,,,,,,,,,,,,,,,,,,,,,,,,,,,,,,,,,,,,,,,,,,,,,,,,,,,,,,,,,,,,,,,,,,,,,,,,,,,,,,,,,,,,,,,,,,,,,,,,,,,,,,,,,,,,,,,,,,,,,,,,,,,,,,,,,,,,,,,
Monthly NIC-2 digit and sectoral growth rates of industrial production,Other manufacturing,,,,,,,,,,,,,,,,,,,,,,,,,,,,,,,,,,,,,,,,,,,,,,,,,,,,,,,,,,,,,,,,,,,,,,,,,,,,,,,,,,,,,,,,,,,,,,,,,,,,,,,,,,,,,,,,,,,,,,,,,,,,,,,,,,,,,,,,,,,,,,,,,,,,,,,,,,,,,,,,
NIC 2008,Other manufacturing,Weights,2012-04-11 00:00:00,2012-05-11 00:00:00,2012-06-11 00:00:00,2012-07-11 00:00:00,2012-08-11 00:00:00,2012-09-11 00:00:00,2012-10-11 00:00:00,2012-11-11 00:00:00,2012-12-11 00:00:00,2013-01-11 00:00:00,2013-02-11 00:00:00,2013-03-11 00:00:00,2013-04-11 00:00:00,2013-05-11 00:00:00,2013-06-11 00:00:00,2013-07-11 00:00:00,2013-08-11 00:00:00,2013-09-11 00:00:00,2013-10-11 00:00:00,2013-11-11 00:00:00,2013-12-11 00:00:00,2014-01-11 00:00:00,2014-02-11 00:00:00,2014-03-11 00:00:00,2014-04-11 00:00:00,2014-05-11 00:00:00,2014-06-11 00:00:00,2014-07-11 00:00:00,2014-08-11 00:00:00,2014-09-11 00:00:00,2014-10-11 00:00:00,2014-11-11 00:00:00,2014-12-11 00:00:00,2015-01-11 00:00:00,2015-02-11 00:00:00,2015-03-11 00:00:00,2015-04-11 00:00:00,2015-05-11 00:00:00,2015-06-11 00:00:00,2015-07-11 00:00:00,2015-08-11 00:00:00,2015-09-11 00:00:00,2015-10-11 00:00:00,2015-11-11 00:00:00,2015-12-11 00:00:00,2016-01-11 00:00:00,2016-02-11 00:00:00,2016-03-11 00:00:00,2016-04-11 00:00:00,2016-05-11 00:00:00,2016-06-11 00:00:00,2016-07-11 00:00:00,2016-08-11 00:00:00,2016-09-11 00:00:00,2016-10-11 00:00:00,2016-11-11 00:00:00,2016-12-11 00:00:00,2017-01-11 00:00:00,2017-02-11 00:00:00,2017-03-11 00:00:00,2017-04-11 00:00:00,2017-05-11 00:00:00,2017-06-11 00:00:00,2017-07-11 00:00:00,2017-08-11 00:00:00,2017-09-11 00:00:00,2017-10-01 00:00:00,2017-11-11 00:00:00,2017-12-01 00:00:00,2018-01-01 00:00:00,2018-02-01 00:00:00,2018-03-01 00:00:00,2018-04-01 00:00:00,2018-05-01 00:00:00,2018-06-01 00:00:00,2018-07-01 00:00:00,2018-08-01 00:00:00,2018-09-01 00:00:00,2018-10-01 00:00:00,2018-11-01 00:00:00,2018-12-01 00:00:00,2019-01-01 00:00:00,2019-02-01 00:00:00,2019-03-01 00:00:00,2019-04-01 00:00:00,2019-05-01 00:00:00,2019-06-01 00:00:00,2019-07-01 00:00:00,2019-08-01 00:00:00,2019-09-01 00:00:00,2019-10-01 00:00:00,2019-11-01 00:00:00,2019-12-01 00:00:00,2020-01-01 00:00:00,2020-02-01 00:00:00,2020-03-01 00:00:00,2020-04-01 00:00:00,2020-05-01 00:00:00,2020-06-01 00:00:00,2020-07-01 00:00:00,2020-08-01 00:00:00,2020-09-01 00:00:00,2020-10-01 00:00:00,2020-11-01 00:00:00,2020-12-01 00:00:00,2021-01-01 00:00:00,2021-02-01 00:00:00,2021-03-01 00:00:00,2021-04-01 00:00:00,2021-05-01 00:00:00,2021-06-01 00:00:00,2021-07-01 00:00:00,2021-08-01 00:00:00,2021-09-01 00:00:00,2021-10-01 00:00:00,2021-11-01 00:00:00,2021-12-01 00:00:00,2022-01-01 00:00:00,2022-02-01 00:00:00,2022-03-01 00:00:00,2022-04-01 00:00:00,2022-05-01 00:00:00,2022-06-01 00:00:00,2022-07-01 00:00:00,2022-08-01 00:00:00,2022-09-01 00:00:00,2022-10-01 00:00:00,2022-11-01 00:00:00,2022-12-01 00:00:00,2023-01-01 00:00:00,2023-02-01 00:00:00,2023-03-01 00:00:00,2023-04-01 00:00:00,2023-05-01 00:00:00,2023-06-01 00:00:00,2023-07-01 00:00:00,2023-08-01 00:00:00,2023-09-01 00:00:00,2023-10-01 00:00:00,2023-11-01 00:00:00,2023-12-01 00:00:00,2024-01-01 00:00:00,2024-02-01 00:00:00,2024-03-01 00:00:00,2024-04-01 00:00:00,2024-05-01 00:00:00,2024-06-01 00:00:00,2024-07-01 00:00:00,2024-08-01 00:00:00,2024-09-01 00:00:00,2024-10-01 00:00:00,2024-11-01 00:00:00,2024-12-01 00:00:00,2025-01-01 00:00:00,2025-02-01 00:00:00,2025-03-01 00:00:00,2025-04-01 00:00:00,2025-05-01 00:00:00,2025-06-01 00:00:00
10,Manufacture of food products,5.302468,-2.7,-8.3,-13.9,-11.9,-14.1,-15.9,-1.8,9.2,32.8,26.6,18.3,21.3,4.9,-1.6,4.6,7.6,3.5,8,2.2,-10.3,-7.2,2.1,1.5,4.9,0.8,7.5,6.7,19.3,15.4,6.8,-3.7,12.8,10.4,0.9,4.4,-3.7,5.9,-3.7,-8,-21.8,-9.6,-1.4,1.1,-6.8,-5.7,-3,-4.1,-8,-12.8,-3,3.6,4.8,-4,-3.7,-1.6,0.3,-7.9,-9.3,-15.8,-9.9,-3.8,0.3,-2.5,1.4,7.3,3.1,2.6,18.6,14,14.6,24.3,26.4,19.1,12.1,5.6,2.4,9.6,16.3,19.4,6.5,14.6,16.7,14.4,8.2,11.3,16.2,15.9,22.1,5.5,1.3,-4.9,-4.5,-1.7,-1,-4.8,-14.9,-22.3,-17.2,-6,-5.5,-3.2,-0.9,1.7,7.6,-1.7,-1.8,-0.3,17.1,#,13.7,8.4,4.7,9.5,-0.5,4.3,-2.8,1.8,-2.6,2.3,8.8,3.8,10.1,5.1,-2.6,0.7,4.8,-2.9,13,2.4,8.9,4.9,-2.2,3.8,0.4,-2.9,7.4,4.9,-0.9,7.1,-3.7,3.4,0.6,3.5,-3.3,-13.1,-5.5,4.1,-1.4,-1.3,5.1,5.7,-3.5,-4.1,0.2,-6.1,-7.6,1.1,1.7,0
11,Manufacture of beverages,1.035425,34.2,47.1,30.5,-6.9,-14.9,-17.7,-4,-9.8,-8.1,-6.3,-1.5,37.9,3,6.4,-11,-6.1,-2.8,9.5,-1.5,-7.3,-3.7,4.6,-0.6,-10.5,-4,-3.5,5.4,17.5,14.4,8.8,-0.2,5.1,1.5,-6.1,7.8,3.2,-7.6,-9.1,-9.3,-11.9,-8.6,-5.7,5.9,8.3,16.6,40.8,7.3,5.2,9.1,2.6,-0.1,6.2,12.9,6.4,-1.9,-4.3,-9.1,-25.9,-13.5,-10.9,-16.1,-14.2,-5,-4.2,-1.9,1.1,3.2,5.9,6.1,12.4,12.3,3.2,3.7,10,11.4,12.5,7.6,3.6,-2.4,1.2,0.9,-0.4,-2.1,-1.7,6,2,6.3,2.2,-6,-3.9,-6.5,4.3,-4.2,-3.9,1,-27.7,-94.2,-59.5,-32.8,-25.5,-20.7,-14.5,-10.5,-15.3,-7.7,-7.6,-12.9,26.5,#,-0.2,-2.3,14.3,12.4,0.8,5,-1.3,2.1,-4.1,-0.3,4.9,29.2,130.3,45.7,13.1,6.4,11.7,3.6,9,6.6,14,10.6,6.4,-7.6,-1.7,4.6,7.3,12.6,6.6,10.8,8.4,3.3,8,14.9,0.6,13.4,9.9,0.2,3.2,-3,0.2,3.1,-1.3,2.9,4,-2.6,7.4,-1.5,-3.7,-6.5
12,Manufacture of tobacco products,0.79845,5,5.6,-3.7,-3.5,-13.8,-2.1,2.3,15.3,17.9,22.2,24.1,20.5,-1.1,-11.8,23.9,12.4,24.4,16.5,9.5,6.2,10.9,-2.9,4,14.7,28,57.8,10.2,21.6,20.2,15.7,3.8,4.5,11.4,5.3,2.9,-12.3,-2.3,14,5.6,10.1,12.5,-6.2,5.7,-15.9,-18.2,5.7,19.7,19.6,-51.8,-35.5,-10,-16.3,-18.9,-0.3,2.8,-2.7,-0.6,24.7,-37.8,-17.5,17.8,3.2,5.3,-43.8,-13.4,-20.1,-20.7,-9.2,-29.5,-47.9,-2,-20.6,3,-13.7,-32.3,28.1,-17.4,-6.7,0.2,9.5,27.7,3.7,-0.8,15.3,-3,9.4,12.3,9.4,3.6,11.7,-6.8,-3.6,-6,21.9,-10.6,-16.4,-99.6,-61.2,-8.5,6.5,-3.3,-14.1,-7.6,-7.5,-2.1,-4.3,-7.8,24.6,#,77.9,-19.2,-22.2,3.2,8.3,9.8,3.9,3.8,4.3,0.9,-5.9,22,21.4,52.7,-9.1,-12.8,-1,-14,-3.3,-11,-14.6,-2.5,-11,-21.4,-4.8,-17,-0.6,7.4,-5.1,1.2,-14.5,-8.7,-8.4,-0.8,-18,-8.9,5.3,-11.3,13.2,-3.6,1.6,11.6,0.6,6.7,14.5,-1.3,23.8,23.9,5.7,2.3
13,Manufacture of textiles,3.291307,-2,6.5,3.4,8.7,13.1,10.8,13.6,4.3,11,11.4,3.9,11.2,10.1,0.8,5.4,4.2,3.7,3.8,2.3,5.7,5.5,3.1,3.1,4,2.9,4.8,2.7,6.7,7.7,1.7,-3,3.8,0.6,2.4,5.8,9.7,5,5.3,4.5,-0.3,-2.7,5.7,9.1,-3,2.5,2.9,3,-4.7,-2,1.9,2.7,-0.9,-2.8,-3.6,-5.4,2.7,-5.6,-2.5,-3.6,-0.3,1.5,-3.2,-3,-2.5,-2.9,-3.4,-2.4,3.2,7.4,1.9,2.2,-1.2,0.2,1.9,0.6,3.2,7.2,5.6,5.9,-3.5,-1.6,-1.8,-1,1.1,3.1,-2.8,-6,-5.2,-7.6,-5.3,-3.6,5.4,2.6,3.4,2.5,-16.6,-90.8,-65.2,-42.7,-17.5,-16,-8.5,-4.5,-9,-7,-5.6,-2.7,19.2,#,161.9,76.4,25.5,24.4,15.2,13.5,8.3,8.7,6.3,-0.4,-0.9,-0.4,5.9,-3.1,-9,-12.5,-14.4,-18.6,-8.7,-11.4,-12,-9.7,-7,-7.4,-3.7,0,1.2,1.8,4.3,7.7,-4.6,1.4,1.7,2.1,-3,-0.3,-0.4,-1.5,0.6,2.1,0.8,0.8,3.4,1.7,3.6,2.5,5.7,0.4,-3,1.2
14,Manufacture of wearing apparel,1.322496,-5.5,-6.9,-10.5,-12.6,-9.9,-10.2,-4.2,-12.6,0.8,12.9,17.8,28.4,28.9,11.9,13.9,20.5,15.4,32.2,11.3,8.7,21,16.8,0.9,14.6,-5.8,13.2,1.1,4.8,-0.5,-7.1,-13,7.6,1.4,-0.8,5.8,-6.4,1.2,-6,13.3,4.9,0.9,-4.4,43.8,18.3,29.6,11.2,18.5,40.2,29.8,50.4,31.4,24.8,41.3,34.9,5.3,5,-0.4,11.1,4.6,-12,3.2,-6,-5.3,-7.1,-17.7,-16.5,-24.3,-7,-11.7,-12.8,-8.4,-0.5,-19.4,-3.8,4.4,8.3,20.3,19.7,32.7,14.9,24.6,21.8,20,14.4,31.7,8.4,10.4,14.7,8.6,1.4,-2.8,2.5,-2.7,-5.5,-4,-40.3,-94.1,-61.7,-36.7,-32.6,-28.2,-15.8,-12.5,-26.9,-18,-20.3,-14.9,24.4,#,33.9,3.9,3.8,26.6,30.7,36.4,31.6,15.6,19.6,10.7,33.3,55.2,69.9,42.6,15.1,-18.3,-21.1,-36.6,-12.6,-22.4,-22.4,-16.7,-30.6,-28.8,-21.2,-23.5,-22.7,-17,-18.2,-5.7,-20.6,-10,-2.3,-2.7,7.4,14.1,10.2,2.1,7.5,15,1.3,6.3,18.7,5.3,3.2,-3.3,1.3,8.7,2.3,4.2
15,Manufacture of leather and related products,0.502077,4.5,16.4,9.9,8.5,-0.4,5.1,7.6,3.9,18.6,20.4,13.5,18.7,17.6,1.5,4.8,7.9,4.3,-3.1,-2,-5.1,-0.4,1.8,-1.1,1.2,3.2,11.9,7.6,6.4,5.1,15.8,-3.6,19.2,9,4.8,17.8,11,0.6,-4.2,1.9,-0.5,4.1,-3.6,10.5,-9.5,-0.2,3.3,5.7,-1.4,1,3.2,2.7,2.3,8.5,9,-2.1,4,-16,-12.7,-10.3,2.2,1.9,4.7,-0.8,-2.3,-5.1,-6.6,-2.7,7.2,17.6,8.5,0.1,-3,-3.9,-2.8,1.7,8.2,5.6,2.5,11.4,-8.9,-3.6,1,-1.2,2.4,3.3,-0.2,-5.8,-0.7,-4.9,-0.6,-7.2,6.6,5.6,3,6.1,-24.4,-98.7,-60.5,-19.1,-17,-9.9,4.7,5.2,-8.7,-5.6,-4.4,-7.5,22.4,#,28.1,-5.6,3.6,0.5,-10.5,-11.3,-9.6,-8.4,-18.7,-15.2,-7.8,5,47.5,1.9,-13.5,-16,-16.4,-25.5,-0.6,-11.8,-2.2,-8,-6.7,-8.2,2.1,7.8,-4.1,3.2,-0.5,18.5,-16.4,-2.5,0.5,2,-9.7,-8.6,1.5,-4.1,7.3,2.1,-2.5,-4.5,-3.2,-7,-6.1,-9,-7.4,-1,-4.6,-3.1
16,"Manufacture of wood and products of wood and cork, except furniture; manufacture of articles of straw and plaiting materials",0.193005,-10.2,-3.9,0.8,6.6,9.2,4,-11.8,-11.4,-1.5,-10.6,-9.1,2,1.8,-5.5,-11.1,-10.8,-13.6,-2.5,8.8,2.7,1,3.9,1.1,-1.1,0.4,2.6,1.9,5.7,-0.1,4.6,-11.7,-0.3,3.2,-2.6,4.7,0.5,-6.8,-5.3,11.5,-0.4,3.2,-3.8,14.4,-3.1,5.1,2.3,6.7,5.4,5.4,3.7,-1.8,-8.6,-4,-4.3,-14.5,-4.6,-9.4,-5.2,-10.2,1.4,-4.5,1.7,-5.4,2.2,1.6,-6.8,-6.4,6.3,2.1,1.7,2.2,-3,4.3,3.3,18.8,10.9,15.9,19.5,39.9,5.4,10.9,6.8,15.8,15.9,16.4,14.1,16.5,6.9,12.6,20.1,1.9,11.6,19.2,9.2,8.2,-30.2,-95.5,-64,-43.5,-25.2,-30.9,-10.7,1,3.6,-4.2,7.5,-6.4,46.1,#,85.4,32.3,24.2,28.9,-5.9,-1.2,-4,-9,-5.4,1.9,-4.9,4.1,54.1,14.4,7.9,-7.9,-5.7,-14.1,-0.4,-3.3,-12.1,-15.5,-8.5,-15.8,-12.7,-12.5,-11.5,-3,4.3,-1.3,-15.7,-12.3,3.4,6.9,3.1,-5.7,1.6,5.9,0.7,9.7,-1.3,10.1,12.1,17.7,8.3,5,5.2,24.6,2.1,0.7
17,Manufacture of paper and paper products,0.872377,-0.8,3.4,-1,4.7,6.8,3.2,9.5,-5.3,-0.4,7.3,-2.7,14.7,3.9,5.5,10.4,8.8,9.6,8.1,4.8,22,23.6,12.6,14.2,5.2,13.7,6.1,5.9,4,0.8,2.9,-1.5,-5,-7.1,-3.9,-1.1,-1.8,-1.7,0.4,-3.8,-2.9,-4.3,1.7,9.1,3.6,6.6,-2.5,3.5,4.6,-2.3,4.9,5.5,5.2,5.5,-1.1,-9,-7.3,-8.7,-1.7,-7.7,-7.2,-1.9,-6.3,-9,-7.3,-4.3,-8.3,-3.5,-1.1,-2.6,-2.8,-3.6,-2,-2.7,-5,3.5,-2.8,-5,-2.3,-0.1,-5,-5.9,-6.9,-9.2,-11.6,-12.7,-11.5,-18.9,-13,-13.3,-9.3,-15.5,-7.1,-7.8,-8.8,-3.2,-30.5,-76.9,-47.7,-7.6,-29.4,-15.8,-31.6,-21.6,-22.2,-17,-12.6,-10.9,29.6,#,56.5,-8,27,4.8,19.8,20.6,11.3,4.2,2.4,-0.6,-4,-1.9,9.7,8.3,-0.2,-0.1,6.1,-8.1,-2.5,3.8,2.7,-4.7,-3.5,-7.6,-9.7,-1.6,-3.3,-0.5,-3.8,-1.3,-5.7,-7.6,-6.2,5.5,-0.1,-5.3,4,-1.8,-0.5,0.9,3.4,-0.3,2.3,-1.5,-3,-8.8,-5.8,-2.5,-4.4,-2.1
18,Printing and reproduction of recorded media,0.679807,-12.5,-0.6,1.9,-5.4,-9.9,-3.2,-7.8,-8,8.2,-3,-4.9,6.8,3.2,-5.7,0.8,6.9,8.2,5.2,25.8,3.8,1.5,31.4,28.2,4.1,-1.1,4.4,-2.5,-3,-3.9,3.7,-18.2,7.7,7.5,-26,-22.7,0.2,6.9,-0.4,9.3,5.5,12.5,5.6,9.5,-8.7,-6.9,8.1,10,-1.1,7.4,4.7,-1.8,-0.1,2.7,-7,-1.9,12.9,8.2,6.1,-2.9,-1.4,-3.9,-2.9,-11.5,-1,4.7,-0.3,-8.8,-9.6,-13.9,-16,-9.3,2.3,-10.5,-2.5,2.2,-1.4,-16.7,-10.5,4.7,-4.5,7.8,12.9,1.5,-3.5,13.8,4.9,-3.7,-8.8,-10.6,-8.4,-17.7,-6.8,-6.2,-8.5,2.2,-30.8,-77,-48,-25,-25.6,-22.5,-19.4,-13.9,-17.4,-19.9,-25.4,-28.5,2.2,#,17.7,-2.1,-0.1,5.7,2.5,6.4,2.3,5.3,15.3,13.3,16.5,30.1,43,45.1,41.2,27.6,29.9,14.7,24.8,14.4,9.7,10.1,3.9,5.2,0.2,-11,-7.9,3.2,-3.7,3.3,-6.6,-4.5,3.2,5.3,-0.1,-7.3,3.6,-3.8,-5.2,-8.5,-3.2,-10.3,-1.8,-5.9,-8.8,-11.1,-10.3,-8.3,-16.1,-12.9
19,Manufacture of coke and refined petroleum products,11.774919,-4,3.4,3.7,5.7,5.7,-1.9,12.5,8,12.1,12.2,1.1,11.7,7.9,5.8,1,3.7,6.6,8.7,-5.4,-5.5,-0.6,-1.7,3,3,-0.3,-1.2,1.4,-5.5,-5.5,0.9,5,9.7,4.2,2.6,-0.7,-2.8,-6.3,6.6,6.6,6.6,9.5,-1.4,-3.5,4.2,1.9,7.6,10.7,13.3,18.5,1.8,5,11.7,0.9,5.4,15,0.4,5.1,-1.8,-2.9,2.2,1.4,5.4,-1.2,-4.1,3,8.6,4.1,4.9,5.8,11.5,6.8,-0.7,1.2,4.9,11.7,10.8,2.2,0.2,1.6,3,-5.4,-2.3,-0.4,4.7,3.9,-2.1,-7.7,0.7,3.3,-5.3,0.7,1.8,1.2,-0.2,6.1,-1.7,-28.3,-24.5,-13.8,-17.1,-21.4,-10.4,-17.3,-3.3,-0.7,-0.5,-9.4,-1.1,#,18.7,5.4,7.8,11.4,5.1,13.4,3.4,3.7,0.9,5.8,6.3,10.6,18.1,17.4,7.2,6.6,9.9,-1,-9.6,2.1,5.5,4.7,1.4,-1.5,2.7,3.2,4.4,10.2,2.7,2.4,14,7.3,-2.1,4.1,0.9,4.9,2,-1,6.8,-0.7,5.2,5.6,2,3.9,8.6,0.5,2.5,-2.1,1.1,4.2
20,Manufacture of chemicals and chemical products,7.873036,0.4,2.9,2.6,4.9,6.5,2.6,6.2,-1.3,5.5,6.2,1,9.7,-1.3,4.7,5.2,9,5.5,12.3,3.4,6.4,6.7,3.3,-0.9,1.8,2.2,3,2.8,0.4,-0.9,-4.2,-4.7,4,-0.8,1,1.9,0.3,6.2,1.1,1.5,5.1,0.7,5.7,10.5,-2.8,3.1,3.2,8.6,7.5,1.9,6.9,4.3,-1.2,6.5,0.2,1.3,4.7,-2.1,1.6,3.1,3.6,-0.9,-5.2,-6.1,-6.2,-2,1.4,-0.2,7.2,5.5,3.4,-2.9,1.8,4,5.5,5.7,4.2,7.6,1.5,0.9,-6.9,2.9,3,0.6,1.6,2.8,-0.8,-0.4,7,-4.5,-1.2,-1.5,8.4,0.5,1,9.1,-21.6,-54.3,-19.3,1.1,-1.9,-1.2,5.6,10.2,0.2,7.2,5.4,-2.2,26.5,#,13.8,-0.9,4.7,5,-1,-1.6,-1.9,-4.5,-5.1,-3.1,-5.3,4.4,24.3,14.8,7.2,5.7,5.6,-3,5.5,2.9,4.2,6.5,7.4,2.7,-1.3,-2.2,-6.3,-3.9,-5.8,3.6,-4.1,-1.5,-2,2.1,1.7,0.3,-0.4,0.9,5.1,2.1,4.7,2.3,3.1,2.7,2.4,-2.8,-1.9,-4.1,-4,-3.6
21,"Manufacture of pharmaceuticals, medicinal chemical and botanical products",4.981002,-14.8,-3.6,20.2,19.4,23.7,12.2,2.8,0.5,12.2,3.3,3.1,18,20.1,23.1,-8.2,-0.2,1.8,6.4,6.4,5.3,9.1,11.1,4.4,-1.4,1,-8.9,3.1,-5.8,-11.7,-3.5,-12.4,2.6,1,10.7,23.1,29.8,14.1,18.2,8.4,4.3,12.9,8.5,42.9,35.5,23.9,7.6,0.9,-6.3,18.2,38.4,30.4,42.8,34.4,35.1,19,9.2,12.7,38.7,55.3,36.4,30.7,27.3,18.9,19.7,16.8,26.2,22.6,40.8,33,22,4.9,20.1,7,-7.7,-0.7,6,8.1,6.3,6.3,-2.3,1.5,-2.2,1.9,-1.7,4.1,7.6,6,3.2,6.4,-2.1,-0.2,3.3,-3.6,-0.5,2.7,-25.9,-53.8,4.8,18,11,-2.1,6.4,13.1,-1,6.7,-8.8,-5,36.8,#,-7.3,-4.3,-6,5.4,1.1,-1.2,0.5,-1,8.7,-14.1,-12.9,-5.5,-13.4,-4.6,-4.7,-17.6,-14,-20.5,10.3,16.3,9.2,23.1,-3.1,24,21.2,4.1,12.2,17.2,7.4,13.1,-2.5,3.6,0.7,-10.3,17.1,3.1,7.5,-2.9,-8.1,-5.9,1.3,1.9,2.9,-9.5,0.2,3,-4.3,-5.3,-0.6,2.1
22,Manufacture of rubber and plastics products,2.422155,-5.3,-0.3,1.3,3.3,-0.7,-1.2,-0.9,-6,7.5,6.1,-1.5,9.2,15.4,12.1,10.8,9.4,12,13.5,9.7,11.6,8.7,7.6,11.6,13.9,26.3,3.7,1.4,-1.9,1.2,1.7,0.9,13.3,3.6,5.2,3.7,-0.4,-17.2,0.6,0.8,12.4,7.6,5.5,5.9,-7.7,-1,-0.1,3.5,0,2.4,4.5,5.1,-3.6,-2.7,3.8,8.9,8.8,2.5,-4.1,-3.6,1.9,0.5,-1.2,-12.2,-10.7,-5.4,-13.9,-16.6,-7.8,-7.4,-2.5,-8.6,-11.8,-10.4,-8.4,2.6,-0.3,-0.7,5.4,7.2,-7.5,-4.5,-4.9,-2,-2,-4.4,-2.4,-4.5,-0.7,-8.1,-12.8,-16,-3.3,-4.7,-4,1.5,-28.6,-70.9,-35.5,-11.6,-5.4,-2.8,9.1,17.4,6.4,8.9,6,2.3,47.4,#,39.1,8.5,8,9.9,0.6,-6.9,-6.8,-9,-3,-4.5,-5.1,-1.5,8.7,5.7,-2.2,-4.4,-3.1,-2.4,5.8,2.6,0.1,-2.1,1.1,1.3,7.2,1.3,1.4,4.5,1.4,7.6,1.7,1.4,7.1,11.6,5.5,2.4,-0.3,7.5,8.5,6.5,10.4,7,-1.4,0.1,5.2,3.9,2.2,7.4,8.4,-0.5
23,Manufacture of other non-metallic mineral products,4.085334,1.7,4.4,-1.3,-0.3,-5.4,-2.3,3.8,-6.2,7,12.5,2.7,18.4,3.8,1,0.8,-2.7,-3.9,0.8,-3.3,-0.1,-0.8,0.6,3.2,2.4,8.8,9.3,10.5,13.4,11,7.4,2.1,5.7,5,-1,-2,-6.8,-5.3,-3.1,0,-3.2,2.1,-2.9,6.1,0.8,1.4,6.4,13.5,9.3,4.1,3.9,9.1,3.1,4,5.3,2.8,1.2,-8.1,-11.6,-12.6,-3.7,-2.4,-1.6,-5.5,-0.5,-1.7,-4.5,-2.3,9.4,14.7,17.8,15.2,9.2,13.9,10.2,12.5,5.6,9.6,11.3,14.2,4.5,6,4.6,2.6,8.2,0.2,-0.1,-3.8,6.9,-4.7,-2.3,-9.2,1.4,2.1,4.2,9.5,-23.7,-86.6,-27.3,-10,-14.5,-12.5,-7.5,3.4,-3.8,-4.8,-6.1,-6.8,30.9,#,20.7,8,20.4,27,11.5,10.3,-3.2,8.5,11.2,7.7,10,6.9,22.1,19.6,0,1.4,9.6,-3.6,20.7,7.4,1.2,2.1,-1,7.1,10.4,4.8,5.6,15,4.7,12.9,-3.6,3,3,8,8.2,1.4,0.5,3.1,1.7,-1.9,3.6,2.7,7.6,7.2,10,8.2,8.9,5.4,6.9,3.8
24,Manufacture of basic metals,12.804336,4.1,19.3,6.4,9.5,1.3,5.3,2.9,4.5,9.9,9.9,5.5,15.5,8.5,-4.3,-2.2,2.7,12.3,4.3,4.4,4.1,1.5,9.6,9.2,3.6,4.3,11.7,20.7,12.4,8.7,8.8,15.3,13.8,11.3,6.6,1.4,3.7,5.3,-0.7,-1.1,-0.2,0.2,-0.8,-3.9,-7,-1.9,-1.2,8,11.8,-1.4,6.2,5.4,0.2,7.8,9.4,9.8,4.9,9.4,8.3,2.4,-0.7,7.1,0.6,3.1,4,1.9,2.5,6,13.2,5.3,4.7,10.8,9.9,2.2,2.1,2.9,3.9,3.1,4.2,3.3,2.1,4.3,1.6,-2,17.1,2.6,20.8,18.1,20.3,11.8,8.4,9.1,15.1,16.7,15.5,21,-19.3,-70.7,-38.2,-19.9,-7,3.8,6.7,9.1,3.1,6.3,6.6,-3.5,29.2,#,54.8,24.3,11.8,9.8,8.8,7,6.2,2,6.6,10,7.9,6.9,16.5,7.2,6.7,4,6.3,5.3,9.7,8.9,10,8.6,7.4,12.1,10.8,16.1,14.7,16.9,15,13,7.6,9.1,7.6,9.1,8.5,9.3,9.5,7.8,6.8,3.8,2.9,5.1,7.1,7.5,6.7,5.2,8.7,6.8,7.8,9.6
25,"Manufacture of fabricated metal products, except machinery and equipment",2.654932,-7.8,2.8,1.9,-13.2,-13.5,-4.8,-0.7,-15.8,-3.9,-0.5,-6.1,25.3,-8.5,-8.8,-7.1,14.5,16.9,-2.8,4.5,9.4,11.7,7.5,16.8,5.7,20.6,17.4,15.4,16.5,-5.3,20,-10.8,7.6,4.5,-7.9,-7.7,-6.6,-13.6,-20.6,-11.4,-15.9,1.1,-3.4,17.6,3.2,-1.6,13.1,12.4,-2.8,16.4,26.2,17.8,4.4,3.9,-2.2,-12.6,-3.6,0.9,-5.3,-10.6,-0.4,-8.2,-13.7,-14.7,-5.1,9.7,5.2,7.7,9.4,2.6,8.4,17.1,11,9.3,12.9,12.7,8.9,-1.8,1.7,3.3,-13.9,-3.2,-10.5,-12.5,-15.4,-10,-8.4,-11.6,-10,-19.1,-22.8,-20.2,-5.7,-13.4,-7.6,-9.3,-35,-96,-55.1,-30.5,-13.3,-4.3,6.4,13.3,-6.6,3.3,-1,-2.3,39.5,#,45.7,18.4,10.1,12,-1.2,-7.1,-2,-3.2,-5.5,-1.5,-4,-0.4,29.2,14.3,-4.1,-14.4,-3.4,-12.5,7.6,-3.7,-8,-8,-2.6,-1.9,4.7,-4.8,-3.2,24.2,10.5,19.3,-6.1,6.3,16.8,14.3,20.5,11.3,12.3,3.2,11.8,-7.2,2.5,8,17.5,9.5,9.4,6.8,-4,10.7,-0.1,15.2
26,"Manufacture of computer, electronic and optical products",1.570384,-8,-4.6,2.8,7.2,2.5,20.2,24.8,-21.5,-14.2,-0.4,-5,2.9,10,8.3,2.7,13.2,15.7,6.3,9.7,23.2,25.2,17.5,18.3,29.9,11.7,15.2,8.8,3.2,7.9,13.2,-12.6,6,-11,-0.3,3.4,-13.2,2.9,-5.2,8.6,0.8,-4.7,0.3,24.1,5.3,21.5,3.4,4.6,4,-0.2,6.6,1.7,-1.2,8.4,2.9,-6.5,5.6,-8.3,6.3,2.7,15.1,0.3,13.1,-2.3,8.3,34.9,23.4,9.5,28.1,37.8,22.5,16.5,15.1,30.1,35.8,44.3,27.7,-5.7,-0.9,29.7,1,3.9,1.1,3.8,11.4,12.1,9.6,-15.8,3.7,-2,-10.8,-31,-7.9,-25,-0.4,-8.8,-43.5,-92.6,-68.1,-23.8,-19.1,-11.3,2.7,11.1,-15.3,21.4,-1.7,20.9,105,#,47.6,9.4,-4.5,-4.6,-2.2,0.5,9.2,35.7,19.5,-16,-9.6,6.3,28.7,43.8,2.7,3.3,0.2,-12.5,1.1,-37.5,-29.7,-11.4,-28.1,-12,-6,-32.5,-16.6,-8.8,-8.8,-7.3,-23.9,-5.2,-7.6,1.6,0.4,2.4,18.6,10.6,10.4,11.6,-1.8,0.9,19.9,3.1,4.3,11.2,22.6,10.6,-4.9,-1.3
27,Manufacture of electrical equipment,2.998264,-6.2,8.1,10.3,9.8,25.8,16.1,20.6,-1.2,12,10.6,15.4,34.8,21.1,14,-5.3,-8.4,-19.8,13.4,24.6,37.8,-1,-8.5,0.9,-11.4,-19.6,-10.1,23.4,2.1,9.1,15.7,-19.7,2.3,25.4,7.9,4,16.2,23.4,11.6,-3.4,19.7,3.6,-12.3,18.6,-5,5.2,11.6,5.5,-0.4,3.7,1.5,-3.2,-9.3,0.8,5.6,-3.1,-2.3,-11.2,-10.7,-15.1,-8.8,-16.1,-14.2,-19.1,-13.6,-7.7,-19.1,-18.6,-9.8,-15.2,-2.6,-2.7,-6.8,4.1,2.2,14.2,7.9,1.6,-2.2,2.4,-9.7,13.4,8.6,-0.7,-7.6,-0.5,-5,-11.7,1.3,-0.4,1.3,-5.1,9.1,-3.7,-1.8,-1.9,-34.2,-94.5,-69.8,-37.3,-21.5,-12.1,11.9,20.7,-0.3,9.6,-2.9,3.4,54.2,#,94.9,36.5,43.3,36.3,14.2,-4.4,-7.1,-16.6,-14.8,-15.1,-14.4,8.3,59.6,11,-16,-28.5,-30.7,-33.6,1.1,-0.7,12.7,12.5,15.3,16.5,8.4,10.7,3.1,18,8,12.7,-17.2,6.9,2.6,9.7,14.7,3.6,15.1,32.2,28.6,17.6,18.6,32.8,36.1,40.6,21.6,9.5,16.1,14,7.8,6.4
28,Manufacture of machinery and equipment n.e.c.,4.765303,-1.3,-5.9,4.7,-5.4,-0.6,7.6,1.8,-2.7,8.1,-9.5,0.4,37.4,-12.9,-0.1,-6.4,8,4.3,0.7,1.4,-2.7,4.1,12.9,0.7,-3.2,5.5,4.4,1.8,0.4,-5.4,6,-14.9,3.8,-6.4,-8.6,6.8,0.9,-0.2,-4.2,-1.1,-9.6,8.8,7.7,21.8,-0.7,5.1,8.9,0.6,3.6,9,15,20.6,19.1,-1.6,-8.1,1,15.2,3.3,4.1,3.9,15.5,2.5,9.8,-2.4,-1.4,9.3,10.8,-1,2.7,12.3,14.9,23.3,-7.9,4.8,-1.3,7.6,0.2,12,6.6,21.7,-1.6,7.4,-2.8,-12.7,-5.8,-0.9,-0.7,-6.8,-4.9,-22,-18.3,-18.9,-4.6,-21.7,0.2,-6.4,-37.6,-91.3,-61.7,-31.2,-17.5,-7.7,-0.8,7.3,-2.7,9.6,-7.2,-1.6,50.2,#,71.1,20.1,27.5,17.6,4.2,-6.2,-13.7,-12,-7.5,-7.8,-1.9,5.4,38.8,19.9,4.1,2.8,6.6,-7.5,21.4,10.7,11,12,10.4,8.2,9.7,7.1,5.5,12.8,5,25.6,-1.3,0,3,4.8,2.9,0.3,1.6,1.3,5.3,-2.7,3.7,-2.5,7.9,10.4,4.6,2.8,8.9,9.5,10.6,4.2
29,"Manufacture of motor vehicles, trailers and semi-trailers",4.8573,10.4,6.4,-3.6,-3.1,-5.5,0.6,2.9,-10.6,-4.5,1.7,-1.4,8.1,-7.6,-2.1,1.7,2.4,2.3,-2.7,-4.4,5,-2.5,-1.7,0.7,-1.9,-3.5,-5,-0.7,4.5,6.5,8.8,-3.5,11.8,4.3,2.6,6.3,11.1,0.5,1.8,4.2,5.7,-1.9,-3.1,5.9,-12.6,1.2,-4,-3.5,-9.3,0.9,3.3,0.1,-6.9,0.3,-1.8,0.3,11.1,-7.5,1.9,1.1,6.5,-0.1,-1.2,0.6,7.3,13.4,14.8,12.9,18,24,23.3,20,18.2,23,23.1,21.2,14.7,11.4,10.3,16,-6.4,-3,-2.5,-5.3,-6.5,-5,-6.4,-14.7,-12.7,-25,-26,-30,-12,-11.6,-10.2,-14.6,-48.9,-99.4,-82.5,-49.1,-32.9,-11.5,4.7,18.8,0,6.8,-0.6,5.6,79,#,186,63.5,37.7,10,-8.8,-10.6,-5.9,-5.3,-2.8,2.1,0.1,6.5,87.3,31.2,17.8,22.7,29.8,10.8,22.1,9.9,12.8,8.3,6.4,3.8,13.7,7.3,8.6,12.1,10.9,24.7,11.2,10.3,18.9,11.6,6.6,12,6.6,4.3,3.1,0.5,1.6,-1.7,6.1,-2.1,5.6,8.9,11.3,16,6.2,4.7
30,Manufacture of other transport equipment,1.776264,-6.1,0.7,-0.5,-1.5,-8.7,0.1,0.8,-6.4,2.2,4.2,0.6,5.1,-3.3,-4.2,-5.3,-0.9,5.5,7.9,15.9,14,2.3,7.7,5.9,6.3,11.3,14,8.6,15.4,11.2,15.5,-3.3,5.5,1,-1.7,-3.5,5.6,3.6,-2,1.9,2.3,3,-2.6,10.9,-6.7,0.1,1.2,12.6,3.7,10.1,13.6,12.9,2.6,17.6,17.9,4.4,5.1,-20.9,-10,-6.5,6.1,8.2,11.8,8.2,11,11.7,4.5,0.7,16.1,26.7,32,32,16.3,13.1,8.1,18.1,17,9,10.5,24.8,8.1,16.2,6.7,-0.3,-19.1,-4.7,1.4,-3.5,-4.2,-11.9,-8.6,-19.1,0.6,7,-9,-8.1,-11.8,-99.9,-84.8,-50.2,-26.3,-4,7.3,25.8,-0.1,-8,6,2.7,34.8,#,128.9,43,18.3,-6.3,-17.1,-17,-23.8,-10.1,-10.9,-17.4,-12.6,-1.5,126.6,36.2,-1.2,7.8,15.1,-8.1,24,-2.7,-1.9,5.5,9.6,11.6,10.9,-0.1,-2.5,8.2,7.1,23.3,9.8,29.4,25.3,24.4,26.2,17.4,16.8,9.1,25.5,7.2,13.9,17.4,10.3,3.6,20.4,8.2,-6,-0.8,6.5,0.5
31,Manufacture of furniture,0.131072,-2,7.4,12.5,5.1,10.7,9.1,10.6,2.4,22.2,14.5,17.9,43.8,-0.5,6.1,16.4,27,14.5,31.4,24.9,22.9,20.4,-9.2,-6.5,-7.5,-1.4,-8.2,-21.5,-24.9,-11.9,-10.9,-21.6,-9.6,-14.8,14.9,22.7,6.8,47,74.9,68.6,85.7,36.3,22.5,41.2,21.3,27.5,34.3,19.4,41.6,26.1,-8.7,-6.9,-15.9,13.5,12.4,15.2,42.3,14.2,6,11.6,-1.8,-4.9,11,15.4,-6.8,-7,3.5,-4.9,6.8,32.6,28,20.1,40,7.6,10.4,25.4,58.1,40.9,33.8,28.5,-11.2,-10.2,-14.7,-6.7,-19.1,1.5,-5.1,-13.5,-6.5,-3.4,-22.4,-12.7,6.3,-5.9,9,-0.2,-24.5,-99.2,-68.8,-28.2,-27.2,-17.2,-11,-10.8,-26.8,-10.1,-19.3,-19.4,1.4,#,95.9,9.1,2.5,-8.5,2.9,9.6,24.4,17.1,16.5,22.2,35.7,59.3,73.7,31.8,32.4,44.1,31,2.9,15.3,-7.9,-9.1,-12.7,-9.3,-29,-12.6,-12.1,-10.6,-20.6,-18.4,-6.6,-30.4,-0.5,15,31.4,40.5,52.6,36.7,18.6,9.8,19.4,33.2,19.6,39.6,21.1,6.6,2.7,-19.2,1.3,-5.7,10.3
32,Other manufacturing,0.941497,8.5,16.5,39.4,16,21.1,0.2,20,-13.9,8.3,11.4,3.2,27,16.5,-28.8,-24.5,-7.8,-13.7,8.4,-17.9,-10.7,-8.3,8.2,9.5,-6,-9.2,40.2,-4.6,6.6,-14.4,-6.2,-23.2,-3.4,22.6,-3.3,-3.8,13.1,-13.7,-12,18.7,0.1,52.2,22.5,69.2,46.4,-5.3,10.6,16.8,-0.4,31.7,1.8,-4.1,-1.7,-17.4,16.7,2.1,-5.5,5.6,9.6,2,20,6.4,26.4,27.1,-19.9,-3.9,-25.6,-36.4,-20.5,-20.7,-33.7,-32.4,-32.4,-32.8,-32,-40.2,1.1,-2.5,-10.7,22.9,-7.6,-17,-5.3,2.4,4.7,-1.4,-3.5,-6.1,-1.4,-21.1,-7.6,-26.2,-13.4,-1.1,-0.9,-7.7,-45.8,-88.4,-66.9,-36.6,-44.2,-32.4,-24.6,10.8,0.2,-3.2,-3.3,4.1,50.8,#,135,46.4,69.4,69.6,57.4,38.1,2.9,34.9,8.6,10.7,34.9,-3.2,18.5,26.4,6.8,4.2,4.8,-31.1,15,-9.7,-11.1,-14.5,-14,-4.5,-0.5,-10.6,7.3,-4.7,-13,30.6,-15.1,-24.6,-6.7,-6.4,-17.1,9.9,-8.5,-12.9,-14.2,-8.1,2.9,-11.5,-13.4,10.5,0,-6.4,-2,-20,-15.3,-17.6
Mining,Other manufacturing,14.372472,-0.9,2.9,-6.7,-10.2,-14.4,-17.5,-8.5,-10.1,-1.1,1.4,-7.3,9.2,-7.8,-9,-6.1,-3.3,-1.2,5,-3.2,3.8,5.4,4.7,5.5,4.4,2.4,0.9,3.9,-2.5,-1.3,-4.4,0.6,-0.4,-5.1,-3,-3,-2.8,-4,1.6,-1.9,3.5,6,7.2,12.2,5.7,4.1,2.2,11.3,4.7,6.7,5.7,10.2,0.9,-4.3,-1.2,1,8.1,10.8,8.6,4.6,10.1,3,0.3,0.1,4.5,9.3,7.6,-0.2,1.4,1.2,0.3,-0.4,3.1,3.8,5.8,6.5,3.4,-0.6,0.1,7.3,2.7,-1,3.8,2.2,0.8,5.1,2.3,1.5,4.9,0,-8.6,-8,1.9,5.7,4.4,9.6,-1.3,-26.9,-20.4,-19.5,-12.7,-8.7,1.4,-1,-5.4,-3,-2.4,-4.4,6.1,#,23.6,23.1,19.5,23.3,8.6,11.5,4.9,2.6,3,4.6,3.9,8.4,11.2,7.8,-3.3,-3.9,5.2,2.6,9.7,10.1,9,4.8,6.8,5.1,6.4,7.6,10.7,12.3,11.5,13.1,7,5.2,6,8.1,1.3,6.8,6.6,10.3,3.8,-4.3,0.2,0.9,1.9,2.7,4.4,1.6,1.2,-0.2,-0.1,-8.7
Manufacturing,Other manufacturing,77.63321,-1,5,3.7,3.3,2.3,1.9,5.6,-0.3,8.8,8.2,3.7,16.8,5.3,2.2,-0.3,4.1,5.1,6.5,2.8,3.4,2.8,4.6,4.6,2.4,2.9,4.6,7.4,4.9,2.2,4.8,-1.8,7.9,4.9,1.9,3.1,2.8,1.4,1.2,1.5,0.5,3.2,0.6,8.5,0,2.9,4.1,6.3,4.6,4.9,7.7,7.5,5.3,5.5,5.8,4.8,4,0.6,2.5,0.7,3.3,2.9,2.6,-0.7,-0.1,3.8,3.8,2,10.4,8.7,8.7,8.4,5.7,4.9,3.6,6.9,7,5.2,4.8,8.2,-0.7,2.9,1.3,-0.3,3.1,2.5,4.4,0.3,4.8,-1.7,-4.3,-5.7,3,-0.3,1.8,3.8,-22.8,-66.6,-37.8,-17,-11.4,-7.6,0.4,4.5,-1.6,2.7,-0.9,-3.4,28.4,#,32.1,13.2,10.5,11.1,4.3,3.3,0.3,0.6,1.9,0.2,1.4,5.6,20.7,12.9,3.1,-0.5,2,-5.8,6.7,3.6,4.5,5.9,1.5,5.5,6.3,3.5,5.3,10,5.1,10.6,1.3,4.6,3.6,4.9,5.9,4.2,5.1,3.5,4.7,1.2,4,4.4,5.5,3.7,5.8,2.8,4,3.1,3.2,3.9
Electricity,Other manufacturing,7.994318,3,8.7,5.1,4.6,1.9,0.3,7.5,-0.2,5.5,7.6,-5.9,9.9,3.5,6.2,0,5.3,7.2,12.8,1.3,6.3,7.7,6.5,11.5,5.4,16.6,11.4,24.3,21.8,21.9,10.9,19.5,14.9,10.2,8.6,11.9,7.5,0.5,7,0.6,4.1,5.6,10.4,8.3,1.1,3.4,6.2,9.5,11.9,14.4,6.1,9.8,2.1,2.1,5.1,3,9.5,6.4,5.1,1.2,6.2,5.4,8.3,2.1,6.6,8.3,3.4,3.2,3.9,4.4,7.6,4.5,5.9,2.1,4.2,8.5,6.6,7.6,8.2,10.8,5.1,4.5,0.9,1.3,2.2,6,7.4,8.6,5.2,-0.9,-2.6,-12.2,-5,-0.1,3.1,11.5,-8.2,-22.9,-14.9,-10,-2.5,-1.8,4.9,11.2,3.5,5.1,5.5,0.1,22.5,#,7.5,8.3,11.1,16,0.9,3.1,2.1,2.8,0.9,4.5,6.1,11.8,23.5,16.4,2.3,1.4,11.6,1.2,12.7,10.4,12.7,8.2,-1.6,-1.1,0.9,4.2,8,15.3,9.9,20.4,5.8,1.2,5.6,7.6,8.6,10.2,13.7,8.6,7.9,-3.7,0.5,2,4.4,6.2,2.4,3.6,7.5,1.7,-4.7,-2.6
General,Other manufacturing,100,-0.7,5,2.3,1.5,-0.1,-1,3.7,-1.7,7.1,7.2,1.4,15.2,3.3,1,-1,3.2,4.4,6.8,1.9,3.7,3.5,4.8,5.2,2.9,3.9,4.7,8.3,5.4,3.5,4.3,0.3,7.4,4,1.8,3,2.4,0.7,1.8,1,1.3,3.7,2.2,9,0.8,3.1,4,7.2,5.2,6,7.3,8,4.5,4,5,4.2,5.1,2.4,3.5,1.2,4.4,3.2,2.9,-0.3,1,4.8,4.1,1.8,8.5,7.3,7.5,6.9,5.3,4.5,3.8,7,6.5,4.8,4.6,8.4,0.2,2.5,1.6,0.2,2.7,3.2,4.5,1.3,4.9,-1.4,-4.6,-6.6,2.1,0.4,2.2,5.2,-18.7,-57.3,-33.4,-16.6,-10.5,-7.1,1,4.5,-1.6,2.2,-0.6,-3.2,24.2,#,27.6,13.8,11.5,13,4.4,4.2,1,1,2,1.2,2.2,6.7,19.7,12.6,2.2,-0.7,3.3,-4.1,7.6,5.1,5.8,6,1.9,4.6,5.7,4,6.2,10.9,6.4,11.9,2.5,4.4,4.2,5.6,5.5,5.2,6.3,4.9,5,0,3.2,3.7,5,3.7,5.2,2.7,3.9,2.6,1.9,1.5
General,Other manufacturing,,,,,,,,,,,,,,,,,,,,,,,,,,,,,,,,,,,,,,,,,,,,,,,,,,,,,,,,,,,,,,,,,,,,,,,,,,,,,,,,,,,,,,,,,,,,,,,,,,,,,,,,,,,,,,,,,,,,,,,,,,,,,,,,,,,,,,,,,,,,,,,,,,,,,,,,,,,,,,,,
Note: The figures for Jun 2025 are provisional,Other manufacturing,,,,,,,,,,,,,,,,,,,,,,,,,,,,,,,,,,,,,,,,,,,,,,,,,,,,,,,,,,,,,,,,,,,,,,,,,,,,,,,,,,,,,,,,,,,,,,,,,,,,,,,,,,,,,,,,,,,,,,,,,,,,,,,,,,,,,,,,,,,,,,,,,,,,,,,,,,,,,,,,
"# In view of the circumstances mentioned in the Press Release for IIP dated 11th June 2021, the indices for April 2021 are not comparable with those of April 2020",Other manufacturing,,,,,,,,,,,,,,,,,,,,,,,,,,,,,,,,,,,,,,,,,,,,,,,,,,,,,,,,,,,,,,,,,,,,,,,,,,,,,,,,,,,,,,,,,,,,,,,,,,,,,,,,,,,,,,,,,,,,,,,,,,,,,,,,,,,,,,,,,,,,,,,,,,,,,,,,,,,,,,,,
